ЦАKV-491,Гондор,0 0,5 1
ЦАKV-491,Гондор,0 0,5 1
ЦАKV-491,Гондор,0 0,5 1
ЦАKV-491,Гондор,0 0,5 1
ЦАKV-491,Гондор,0 0,5 1
ЦАKV-491,Гондор,0 0,5 1
ЦАKV-491,Гондор,0 0,5 1
ЦАKV-491,Гондор,0 0,5 1
ЦАKV-491,Гондор,0 0,5 1
ЦАKV-491,Гондор,0 0,5 1
ЦАKV-491,Гондор,0 0,5 1
ЦАKV-491,Гондор,0 0,5 1
ЦАKV-491,Гондор,0 0,5 1
ЦАKV-491,Гондор,0 0,5 1
ЦАKV-491,Гондор,0 0,5 1
ЦАKV-491,Гондор,0 0,5 1
ЦАKV-491,Гондор,0 0,5 1
ЦАKV-491,Гондор,0 0,5 1
ЦАKV-491,Гондор,0 0,5 1
ЦАKV-491,Гондор,0 0,5 1
ЦАKV-491,Гондор,0 0,5 1
ЦАKV-491,Гондор,0 0,5 1
ЦАKV-491,Гондор,0 0,5 1
ЦАKV-491,Гондор,0 0,5 1
ЦАKV-491,Гондор,0 0,5 1
ЦАKV-491,Гондор,0 0,5 1
ЦАKV-491,Гондор,0 0,5 1
ЦАKV-491,Гондор,0 0,5 1
ЦАKV-491,Гондор,0 0,5 1
ЦАKV-491,Гондор,0 0,5 1
ЦАKV-491,Гондор,0 0,5 1
ЦАKV-491,Гондор,0 0,5 1
ЦАKV-491,Гондор,0 0,5 1
ЦАKV-491,Гондор,0 0,5 1
ЦАKV-491,Гондор,0 0,5 1
ЦАKV-491,Гондор,0 0,5 1
ЦАKV-491,Гондор,0 0,5 1
ЦАKV-491,Гондор,0 0,5 1
ЦАKV-491,Гондор,0 0,5 1
ЦАKV-491,Гондор,0 0,5 1
ЦАKV-491,Гондор,0 0,5 1
ЦАKV-491,Гондор,0 0,5 1
ЦАKV-491,Гондор,0 0,5 1
ЦАKV-491,Гондор,0 0,5 1
ЦАKV-491,Гондор,0 0,5 1
ЦАKV-491,Гондор,0 0,5 1
ЦАKV-491,Гондор,0 0,5 1
ЦАKV-491,Гондор,0 0,5 1
ЦАKV-491,Гондор,0 0,5 1
ЦАKV-491,Гондор,0 0,5 1
ЦАKV-491,Гондор,0 0,5 1
ЦАKV-491,Гондор,0 0,5 1
ЦАKV-491,Гондор,0 0,5 1
ЦАKV-491,Гондор,0 0,5 1
ЦАKV-491,Гондор,0 0,5 1
ЦАKV-491,Гондор,0 0,5 1
ЦАKV-491,Гондор,0 0,5 1
ЦАKV-491,Гондор,0 0,5 1
ЦАKV-491,Гондор,0 0,5 1
ЦАKV-491,Гондор,0 0,5 1
ЦАKV-491,Гондор,0 0,5 1
ЦАKV-491,Гондор,0 0,5 1
ЦАKV-491,Гондор,0 0,5 1
ЦАKV-491,Гондор,0 0,5 1
ЦАKV-491,Гондор,0 0,5 1
ЦАKV-491,Гондор,0 0,5 1
ЦАKV-491,Гондор,0 0,5 1
ЦАKV-491,Гондор,0 0,5 1
ЦАKV-491,Гондор,0 0,5 1
ЦАKV-491,Гондор,0 0,5 1
ЦАKV-491,Гондор,0 0,5 1
ЦАKV-491,Гондор,0 0,5 1
ЦАKV-491,Гондор,0 0,5 1
ЦАKV-491,Гондор,0 0,5 1
ЦАKV-491,Гондор,0 0,5 1
ЦАKV-491,Гондор,0 0,5 1
ЦАKV-491,Гондор,0 0,5 1
ЦАKV-491,Гондор,0 0,5 1
ЦАKV-491,Гондор,0 0,5 1
ЦАKV-491,Гондор,0 0,5 1
ЦАKV-491,Гондор,0 0,5 1
ЦАKV-491,Гондор,0 0,5 1
ЦАKV-491,Гондор,0 0,5 1
ЦАKV-491,Гондор,0 0,5 1
ЦАKV-491,Гондор,0 0,5 1
ЦАKV-491,Гондор,0 0,5 1
ЦАKV-491,Гондор,0 0,5 1
ЦАKV-491,Гондор,0 0,5 1
ЦАKV-491,Гондор,0 0,5 1
ЦАKV-491,Гондор,0 0,5 1
ЦАKV-491,Гондор,0 0,5 1
ЦАKV-491,Гондор,0 0,5 1
ЦАKV-491,Гондор,0 0,5 1
ЦАKV-491,Гондор,0 0,5 1
ЦАKV-491,Гондор,0 0,5 1
ЦАKV-491,Гондор,0 0,5 1
ЦАKV-491,Гондор,0 0,5 1
ЦАKV-491,Гондор,0 0,5 1
ЦАKV-491,Гондор,0 0,5 1
ЦАKV-491,Гондор,0 0,5 1
